aesthetic,topic,family_label,x,y
Abstract Tech,38,Grid / Design / Laser,7.650775,7.671123
Academia,11,Academia / Dark Academia / Dark,8.403181,4.7145386
Acid Design,0,Aesthetic / Fashion / Like,6.5168777,10.097082
Acid House,0,Aesthetic / Fashion / Like,6.475951,10.229423
Acubi,-1,Outlier,4.1082506,8.471211
Adventure Pulp,-1,Outlier,7.886374,6.8575997
Adventurecore,-1,Outlier,6.4058447,6.0291963
Aesthetic Rap,-1,Outlier,5.501858,9.053254
Aestheticism,1,Art / Movement / Architecture,10.41699,8.416006
Aesthetics 101,29,Aesthetics / Wiki / Aesthetic,8.6115465,8.327676
Aetherpunk,5,Dieselpunk / Fiction / Aesthetic,6.9594603,6.4906874
Afrofuturism,-1,Outlier,8.382702,10.270199
Afropunk,-1,Outlier,8.174537,10.322222
After Hours,-1,Outlier,6.732247,6.675122
Agejo,2,Japanese / Bodikon / Women,1.6952704,7.5791316
Aggrotech,14,Industrial / Ebm / Gabber,6.5223994,11.419265
Ah Beng,23,Chonga / Abg / Ah,4.4176807,8.696876
Akibapop,2,Japanese / Bodikon / Women,1.3905692,6.261712
Aliencore,-1,Outlier,7.0702467,7.6915016
Aliyahcore,-1,Outlier,4.259447,8.355503
Alternative,31,Hipster / Punk / Filehipster,6.5494204,9.646887
Amekaji,2,Japanese / Bodikon / Women,1.3167126,7.617205
American Kitsch,17,Kitsch / Burlesque / Vegas,8.747329,9.532728
American Pioneers,18,Indigenous / American / Black,8.659158,9.995276
American Thanksgiving,32,Christmas / Halloween / Colors,8.721676,6.1571507
Americana,18,Indigenous / American / Black,8.624614,9.915501
Analog Horror,13,Horror / Catholic / Supernatural,8.165682,6.061032
Anarcho-Punk,-1,Outlier,6.0339375,9.919155
Ancient Egypt,1,Art / Movement / Architecture,10.2137785,7.7679653
Androgynous,30,Women / Men / Hair,3.7816503,7.856875
Angelcore,-1,Outlier,7.322581,7.0987134
Anglo Gothic,0,Aesthetic / Fashion / Like,7.4444575,11.071738
Angura Kei,-1,Outlier,1.6245042,6.941019
Animecore,-1,Outlier,6.190069,7.5073953
Anti-Fashion,31,Hipster / Punk / Filehipster,7.085402,9.773259
Antique,0,Aesthetic / Fashion / Like,5.8347874,6.6222835
Antwerp Six,0,Aesthetic / Fashion / Like,5.4717927,7.1652117
Appalachian Gothic,18,Indigenous / American / Black,8.537176,10.052906
Après-ski,0,Aesthetic / Fashion / Like,3.7167966,9.494512
Arabfunny,22,Arabian / Filearabian / Desert,5.645322,4.8591948
Arabian Driftcore,22,Arabian / Filearabian / Desert,5.61692,4.8698816
Arabian Nights,22,Arabian / Filearabian / Desert,5.6417727,4.906498
Arcadecore,5,Dieselpunk / Fiction / Aesthetic,7.2791805,8.207125
Archive Fashion,0,Aesthetic / Fashion / Like,5.530478,6.901143
Aristocrat,24,Lolita / Gothic Lolita / Lolita Fashion,2.047546,8.500321
Art Academia,11,Academia / Dark Academia / Dark,8.442918,4.6578
Art Deco,1,Art / Movement / Architecture,10.0477085,8.050509
Art Hoe,-1,Outlier,6.601392,8.399743
Art Nouveau,1,Art / Movement / Architecture,10.185629,8.354487
Art Singulier,1,Art / Movement / Architecture,10.57097,8.305723
Artcore,14,Industrial / Ebm / Gabber,7.089747,8.821531
Arte Povera,1,Art / Movement / Architecture,10.487825,8.300473
Arts and Crafts,1,Art / Movement / Architecture,10.302342,8.442335
Asian Baby Girl,23,Chonga / Abg / Ah,4.683914,8.642566
Atomic Age,5,Dieselpunk / Fiction / Aesthetic,7.1406093,6.9885316
Atompunk,5,Dieselpunk / Fiction / Aesthetic,7.260309,6.8426147
Atzen,39,Techno / Berlin / Scene,5.5373764,10.876816
Auroracore,-1,Outlier,6.695379,5.766103
Australian Gothic,0,Aesthetic / Fashion / Like,7.830224,10.927915
Australiana,-1,Outlier,8.096216,10.780448
Austurbane,15,Na / Fileoriginal / Graphics,8.569033,7.7491045
Autumn Aesthetic,6,Hygge / Cozy / Cabincore,5.2527227,5.8937078
Avant-garde,0,Aesthetic / Fashion / Like,7.571821,8.7834
Avant Apocalypse,0,Aesthetic / Fashion / Like,7.315363,8.890474
Avant Basic,0,Aesthetic / Fashion / Like,7.650577,8.675428
Avantropop,-1,Outlier,6.8609247,8.51382
B-Boy,0,Aesthetic / Fashion / Like,5.6328936,10.369036
B-Movie Horror,21,Lost / Film / Films,7.9148383,6.310455
Babycore,-1,Outlier,6.1828704,6.815483
Babygirl,3,Filecurly / Filecurly Girly / Girly,4.687571,7.8122745
Baddie,0,Aesthetic / Fashion / Like,3.8445199,8.410382
Bakala,-1,Outlier,3.3743057,10.101044
Balearic Aesthetic,0,Aesthetic / Fashion / Like,5.828643,11.142118
Ballet,35,Ballet / Performer / Dance,7.6251297,10.648212
Balletcore,35,Ballet / Performer / Dance,7.5865307,10.676336
Ballroom Culture,35,Ballet / Performer / Dance,7.6957564,10.32344
Bankara,2,Japanese / Bodikon / Women,1.1424079,7.8129983
Barber Beats,0,Aesthetic / Fashion / Like,6.2557783,10.962175
Barbiecore,7,Candy / Food / Bubblegum,4.52908,6.2927976
Bardcore,0,Aesthetic / Fashion / Like,6.2271905,10.992723
Baroque,1,Art / Movement / Architecture,10.559299,7.8213124
Basic Girl,3,Filecurly / Filecurly Girly / Girly,4.5964594,7.8045616
Basque Radical Rock,-1,Outlier,3.8730323,10.189205
Bastardcore,0,Aesthetic / Fashion / Like,6.0376945,8.018157
Bauhaus,1,Art / Movement / Architecture,9.948372,8.622119
Beach Day,22,Arabian / Filearabian / Desert,5.6319404,5.368768
Beach Goth,0,Aesthetic / Fashion / Like,6.7809334,10.5690975
Beatnik,0,Aesthetic / Fashion / Like,6.927752,10.0257225
Belgian Popcorn,0,Aesthetic / Fashion / Like,5.7529454,11.241691
Berlin Techno Fashion,39,Techno / Berlin / Scene,5.5808864,10.854211
Biedermeier,1,Art / Movement / Architecture,9.979962,7.9285407
Biker,40,Bosozoku / Biker / Lowriders,2.8058283,8.155429
Bikiniarze,0,Aesthetic / Fashion / Like,4.894988,10.818103
Bills (Congolese subculture),-1,Outlier,5.274047,9.154579
Bimbocore,3,Filecurly / Filecurly Girly / Girly,4.0113535,7.8362217
Biopunk,0,Aesthetic / Fashion / Like,7.172614,7.689471
Black Ivy,18,Indigenous / American / Black,8.475317,10.05081
Black Metal,25,Metal / Glam / Bands,6.883462,10.77989
Blending: Comparable & Contrasting Aesthetics,29,Aesthetics / Wiki / Aesthetic,8.603444,8.282532
Blob World,15,Na / Fileoriginal / Graphics,8.514437,7.7730994
Bloghouse,0,Aesthetic / Fashion / Like,6.6632752,9.23989
Blogspot Scene,0,Aesthetic / Fashion / Like,6.8114414,9.161035
Blokecore,-1,Outlier,3.3892095,8.158074
Blokette,20,Coquette / Nymphet / Filedark,3.3630908,8.018034
Bloomcore,6,Hygge / Cozy / Cabincore,5.3842926,5.79108
Blueberry Girl,7,Candy / Food / Bubblegum,4.72549,6.1023245
Bobby-Soxer,0,Aesthetic / Fashion / Like,5.2325377,10.527615
Bodikon,2,Japanese / Bodikon / Women,1.2515814,7.753486
Bogan,23,Chonga / Abg / Ah,4.258418,9.057544
Bohemian,-1,Outlier,4.0956316,9.611878
Boho-Chic,0,Aesthetic / Fashion / Like,4.5572333,9.052855
Bombardier,-1,Outlier,3.7422988,10.502343
"Bon Chic, Bon Genre",0,Aesthetic / Fashion / Like,3.9513178,9.314727
Bondage,27,Kandi / Plur / Rave,2.840096,8.420665
Bosozoku,40,Bosozoku / Biker / Lowriders,2.3986638,8.050742
Botswana Metalheads,25,Metal / Glam / Bands,7.031819,10.746362
Boujee,0,Aesthetic / Fashion / Like,4.1889606,8.866456
Brat Summer,3,Filecurly / Filecurly Girly / Girly,4.882659,8.387509
Bravú,-1,Outlier,3.628652,10.25054
Brazilcore (fashion trend),19,Phonk / Brazilian / Funk,4.5684543,9.810033
Brazilian Bombshell,0,Aesthetic / Fashion / Like,3.9034646,9.229504
Brazilian Carnival,19,Phonk / Brazilian / Funk,4.5194397,10.171532
Brazilian Phonk,19,Phonk / Brazilian / Funk,4.736375,10.068022
Bright Tertiaries,9,Aero / Frutiger / Frutiger Aero,7.987613,8.525058
British Countryside,-1,Outlier,8.054091,10.363301
Britpop,16,Britpop / British / Cool,5.4095035,8.638336
Bro Culture,16,Britpop / British / Cool,5.151969,8.318804
Bro Hoe,16,Britpop / British / Cool,5.119503,8.262486
Bronze Age China,4,Chinese / Dynasty / Rednote,2.812554,5.51899
Brostep,-1,Outlier,5.650776,10.559699
Brutalism,1,Art / Movement / Architecture,10.30343,7.389985
Bubble Bujo,7,Candy / Food / Bubblegum,4.4963245,6.3152943
Bubblegum Bitch,7,Candy / Food / Bubblegum,4.642698,6.2511535
Bubblegum Bling,0,Aesthetic / Fashion / Like,5.8964148,11.166412
Bubblegum Coquette,7,Candy / Food / Bubblegum,4.6828837,6.368978
Bubblegum Dance,0,Aesthetic / Fashion / Like,5.90607,11.292638
Bubblegum Girl Crush,-1,Outlier,5.069966,7.7369924
Buchón,12,Spanish / Cani / Mdlr,3.2722237,10.044341
Buckle Bunny,3,Filecurly / Filecurly Girly / Girly,3.8096514,7.467198
Buffalo Style,0,Aesthetic / Fashion / Like,5.2928853,9.169894
Burlesque,17,Kitsch / Burlesque / Vegas,8.848625,9.340142
Business Casual,44,Corporate / Business / Corporate Woman,7.471655,11.914284
Business Formal,44,Corporate / Business / Corporate Woman,7.500127,11.893254
Business Professional,44,Corporate / Business / Corporate Woman,7.5194693,11.922091
Busukawaii,2,Japanese / Bodikon / Women,1.8525788,6.3339486
Byzantine,37,Greek / Divine / Greece,9.242415,7.4146867
Cabincore,6,Hygge / Cozy / Cabincore,5.5660324,5.6884456
Cacareco Girl,0,Aesthetic / Fashion / Like,3.7182143,9.223629
Café Aesthetic,36,Coffee / Fileoriginal / Filegvc,8.173454,9.244544
Cagole,0,Aesthetic / Fashion / Like,3.7042196,9.583926
Camp,35,Ballet / Performer / Dance,7.764659,10.132298
Campcore,6,Hygge / Cozy / Cabincore,5.6692104,5.5607867
Candycore,7,Candy / Food / Bubblegum,4.698335,6.084465
Candyland,7,Candy / Food / Bubblegum,4.486257,6.1860104
Cani,12,Spanish / Cani / Mdlr,3.384902,10.174942
Cannibalcore,8,Cleancore / Filelow / Filelow Cleancore,7.3351116,6.237698
Caricaturism,0,Aesthetic / Fashion / Like,6.384467,7.881102
Carson-Dellosa Art Style,-1,Outlier,6.5186343,8.169817
Casino,-1,Outlier,8.946104,9.061672
Cassette Futurism,5,Dieselpunk / Fiction / Aesthetic,7.640397,7.590324
Casuals,-1,Outlier,3.4054875,8.352772
Catholic Horror,13,Horror / Catholic / Supernatural,8.299681,5.7857265
Catholic Kitsch,17,Kitsch / Burlesque / Vegas,9.147315,7.6288724
Catholic Mexican Girl,0,Aesthetic / Fashion / Like,3.6668198,9.195174
Cayetana,0,Aesthetic / Fashion / Like,3.5663326,9.53682
Celtic Revival,1,Art / Movement / Architecture,10.304564,8.412963
Changelingcore,43,Goblincore / Dragon / Goblins,6.4973874,5.6348143
Chaotic Academia,11,Academia / Dark Academia / Dark,8.381927,4.7262545
Chav,0,Aesthetic / Fashion / Like,4.057559,8.742253
Chernobyl Stalkers,-1,Outlier,6.3578043,8.045925
Cherry Emoji Twitter,-1,Outlier,5.7268476,7.8022895
Chic Modernist,0,Aesthetic / Fashion / Like,4.3396597,9.170216
Chicago Drill,-1,Outlier,5.807462,10.007433
Chicano Lowrider,40,Bosozoku / Biker / Lowriders,2.516366,8.030902
Chicha,42,Chicha / Cumbia / Gaucho,3.0601532,10.277145
Chinese Dreamcore,4,Chinese / Dynasty / Rednote,3.1063542,5.193414
Chinese Folk Horror,4,Chinese / Dynasty / Rednote,3.1293044,5.159137
Chinese New Year,4,Chinese / Dynasty / Rednote,2.8110669,5.6924343
Chinoiserie,4,Chinese / Dynasty / Rednote,2.8411598,5.6269717
Choco Girl,-1,Outlier,2.2173905,7.1405163
Cholo,12,Spanish / Cani / Mdlr,3.198842,10.029431
Cholombiano,42,Chicha / Cumbia / Gaucho,3.1552048,10.146352
Chonga,23,Chonga / Abg / Ah,4.3449287,9.558593
Choni,12,Spanish / Cani / Mdlr,3.450221,10.117509
Christian Girl Autumn,41,Girl / Autumn / Downtown,4.7330103,7.4885187
Christmas,32,Christmas / Halloween / Colors,8.67634,6.0576787
Chromecore,9,Aero / Frutiger / Frutiger Aero,7.564401,8.177731
Chunyu,4,Chinese / Dynasty / Rednote,2.7333376,5.4961553
Chuugoku Musume,4,Chinese / Dynasty / Rednote,2.886849,5.508427
Cinnamon Girl,41,Girl / Autumn / Downtown,4.6624007,7.383412
City Pop,26,Superflat / Pop / Art,1.2881559,6.6090994
Classic Lolita,24,Lolita / Gothic Lolita / Lolita Fashion,1.7912309,8.6161995
Classicism,1,Art / Movement / Architecture,10.378895,7.7492485
Claymorphism,9,Aero / Frutiger / Frutiger Aero,7.8427587,8.114647
Clean Girl,-1,Outlier,4.443018,7.89357
Cleancore,8,Cleancore / Filelow / Filelow Cleancore,7.3882346,6.4258137
Clockpunk,5,Dieselpunk / Fiction / Aesthetic,7.6496463,7.212078
Cloudcore,-1,Outlier,7.1509223,7.0813584
Clovercore,-1,Outlier,2.3634386,7.0335193
Clowncore,-1,Outlier,6.500117,6.110562
Club Kids,0,Aesthetic / Fashion / Like,5.396699,10.479487
Cluttercore,0,Aesthetic / Fashion / Like,5.5821486,6.1296973
Coastal Cowgirl,33,Cottagecore / Filediner / Aesthetic,4.445764,7.081299
Coastal Grandmother,0,Aesthetic / Fashion / Like,5.692307,6.6594048
Coastal Style,-1,Outlier,9.241175,7.8838434
Cocalar,12,Spanish / Cani / Mdlr,3.5415535,10.278039
Coconut Girl,41,Girl / Autumn / Downtown,4.5700526,7.3412056
Colorful Pop,26,Superflat / Pop / Art,1.4636036,6.67309
Colorido,19,Phonk / Brazilian / Funk,4.730255,10.023443
Colour Theory,32,Christmas / Halloween / Colors,8.725883,6.231392
Communist Chic,0,Aesthetic / Fashion / Like,4.701484,8.939755
Constructivism,1,Art / Movement / Architecture,10.265299,8.691103
Consumer Aesthetics Research Institute,15,Na / Fileoriginal / Graphics,8.476003,8.353243
Cool Britannia,16,Britpop / British / Cool,5.4025397,8.540555
Coolness,16,Britpop / British / Cool,5.4369173,8.328537
Coquette,20,Coquette / Nymphet / Filedark,3.2862852,7.7339787
Corporate,44,Corporate / Business / Corporate Woman,7.476318,11.832139
Corporate Goth,0,Aesthetic / Fashion / Like,7.3170023,11.403815
Corporate Grunge,0,Aesthetic / Fashion / Like,6.4257054,9.2667
Corporate Hippie,0,Aesthetic / Fashion / Like,6.8596807,10.051327
Corporate Memphis,0,Aesthetic / Fashion / Like,7.8534436,8.434298
Costumbrismo,1,Art / Movement / Architecture,10.671521,8.156946
Cottagecore,33,Cottagecore / Filediner / Aesthetic,5.6839843,5.896793
Cottagegoth,6,Hygge / Cozy / Cabincore,5.9120765,5.7353287
Country,33,Cottagecore / Filediner / Aesthetic,8.317664,9.887911
Cozy Childhood Hideaway,6,Hygge / Cozy / Cabincore,5.5929275,5.983772
Cozy Gamer,6,Hygge / Cozy / Cabincore,5.557745,6.014588
Cozycore,6,Hygge / Cozy / Cabincore,5.5670805,5.935675
Craftcore,6,Hygge / Cozy / Cabincore,5.616993,5.9143486
Cringe Culture,-1,Outlier,5.666486,8.356016
Criticism of Aesthetics,0,Aesthetic / Fashion / Like,4.085271,7.2148123
Crowcore,43,Goblincore / Dragon / Goblins,6.441023,5.4246264
Crust Punk,0,Aesthetic / Fashion / Like,6.577316,10.368695
Cryptidcore,8,Cleancore / Filelow / Filelow Cleancore,7.193635,5.9146113
Cubism,1,Art / Movement / Architecture,10.5088005,8.740999
Cubo-Futurism,1,Art / Movement / Architecture,10.043518,8.934738
Cult Party Kei,-1,Outlier,2.3140795,7.387239
Cumbiero,42,Chicha / Cumbia / Gaucho,3.0280008,10.247484
Cuntry,25,Metal / Glam / Bands,7.6306357,10.260408
Curly Girly,3,Filecurly / Filecurly Girly / Girly,4.6947384,7.994708
Cutecore,0,Aesthetic / Fashion / Like,6.013516,7.4453306
Cyber Angel,46,Science / Cybercore / 2000S,7.205511,7.44954
Cyber Doll,28,Doll / Dolllike / Dolly,3.41453,7.1588883
Cyber Ghetto,0,Aesthetic / Fashion / Like,6.7454076,7.9955306
Cyber Grunge,-1,Outlier,6.548339,8.7042055
Cyber Stylin',-1,Outlier,7.2692795,7.9883747
Cybercore,46,Science / Cybercore / 2000S,6.9178376,7.9149585
Cyberdelia,0,Aesthetic / Fashion / Like,7.166694,7.799264
Cybergoth,0,Aesthetic / Fashion / Like,6.8777637,8.113807
Cyberminimalism,0,Aesthetic / Fashion / Like,6.9588223,8.051802
Cyberpop,0,Aesthetic / Fashion / Like,6.9014072,8.13418
Cyberprep,0,Aesthetic / Fashion / Like,6.9504433,8.1617565
Cyberpunk,0,Aesthetic / Fashion / Like,7.223898,7.7474484
Cybersigilism,0,Aesthetic / Fashion / Like,6.847209,8.0676365
Cybertwee,0,Aesthetic / Fashion / Like,6.6319857,7.89114
Czech Cubism,1,Art / Movement / Architecture,10.412236,8.741486
DIY Ethos,5,Dieselpunk / Fiction / Aesthetic,7.865475,7.18026
DIY Punk,0,Aesthetic / Fashion / Like,6.5836654,10.069083
DORFic,9,Aero / Frutiger / Frutiger Aero,7.933075,8.118317
Dadaism,1,Art / Movement / Architecture,10.725169,8.33163
Dadcore,0,Aesthetic / Fashion / Like,5.7737274,6.970899
Dandy,1,Art / Movement / Architecture,10.530855,8.366625
Danish Golden Age,1,Art / Movement / Architecture,9.821865,8.090589
Danish Pastel,0,Aesthetic / Fashion / Like,7.3328834,8.591452
Dark Academia,11,Academia / Dark Academia / Dark,8.33683,4.81933
Dark Aero,9,Aero / Frutiger / Frutiger Aero,7.9650164,8.273512
Dark Cabaret,0,Aesthetic / Fashion / Like,6.214096,10.534304
Dark Circus,-1,Outlier,6.7259974,5.956919
Dark Culture,39,Techno / Berlin / Scene,5.926474,10.867462
Dark Fantasy,13,Horror / Catholic / Supernatural,8.129343,5.5630007
Dark Girly and Sweet Girly,2,Japanese / Bodikon / Women,1.9994168,7.2697673
Dark Naturalism,11,Academia / Dark Academia / Dark,8.281508,4.8379784
Dark Nautical,13,Horror / Catholic / Supernatural,7.8621736,5.596285
Dark Nymphet,20,Coquette / Nymphet / Filedark,3.266172,7.6655374
Dark Romanticism,13,Horror / Catholic / Supernatural,8.269935,5.569483
Dark Triad,0,Aesthetic / Fashion / Like,5.919254,8.262893
Darkest Academia,11,Academia / Dark Academia / Dark,8.309454,4.790463
Darksynth,48,Synth / Dungeon Synth / Dungeon,6.2822146,10.841821
Dau al Set,1,Art / Movement / Architecture,10.878386,8.2798605
De Stijl,1,Art / Movement / Architecture,9.918213,8.364681
Dead Inside,2,Japanese / Bodikon / Women,1.4636858,6.327018
Death Metal,25,Metal / Glam / Bands,6.8668694,10.82216
Deathrock,0,Aesthetic / Fashion / Like,6.69713,10.758608
Decadence,1,Art / Movement / Architecture,10.577137,8.512711
Deconstructivism,1,Art / Movement / Architecture,10.306965,7.4907093
Decoplex,15,Na / Fileoriginal / Graphics,8.644344,7.702247
Decopunk,5,Dieselpunk / Fiction / Aesthetic,7.9830923,7.1574926
Decora,-1,Outlier,1.6689342,7.2229266
Deep Fried Meme,0,Aesthetic / Fashion / Like,5.952648,8.018741
Dekotora,34,Heisei / Retro / Itasha,1.818412,7.174252
Delicate Sweet,0,Aesthetic / Fashion / Like,5.9361954,7.436716
Demoscene,5,Dieselpunk / Fiction / Aesthetic,7.068735,8.302798
Denpa,2,Japanese / Bodikon / Women,1.3473802,6.191715
Desert,22,Arabian / Filearabian / Desert,5.560836,5.2608247
Desi Romantic Academia,11,Academia / Dark Academia / Dark,8.49187,4.598526
Dieselpunk,5,Dieselpunk / Fiction / Aesthetic,7.7266197,7.239141
Differences Between Similar Aesthetics,18,Indigenous / American / Black,8.43188,9.7670765
Digital Horror,-1,Outlier,8.121587,6.061406
Diner,33,Cottagecore / Filediner / Aesthetic,8.261677,9.61197
Dionysism,37,Greek / Divine / Greece,9.1232,7.130165
Disco,0,Aesthetic / Fashion / Like,5.708159,10.395198
Disco Deco,15,Na / Fileoriginal / Graphics,8.545766,7.816312
Disco Polo,0,Aesthetic / Fashion / Like,5.1658716,11.01049
Divine Machinery,37,Greek / Divine / Greece,9.05404,7.3371754
Diwali,4,Chinese / Dynasty / Rednote,2.3862214,5.9130335
Dizelaši,0,Aesthetic / Fashion / Like,4.784719,10.848222
Dokukawaii,26,Superflat / Pop / Art,1.6117094,6.380573
Doll (disambiguation),28,Doll / Dolllike / Dolly,3.2322783,7.261754
Dollar Store Vernacular,-1,Outlier,4.182697,6.8157783
Dollcore,28,Doll / Dolllike / Dolly,3.2531512,7.1836863
Dollette,20,Coquette / Nymphet / Filedark,3.258785,7.472125
Dolly Girl,28,Doll / Dolllike / Dolly,3.3932412,7.3573155
Dolly Kei,45,Maid / Maids / Yakui,2.72448,7.3871384
Doomer,-1,Outlier,6.3056917,8.113031
Dopamine Dressing,0,Aesthetic / Fashion / Like,3.4802444,6.2007194
Downtown Girl,41,Girl / Autumn / Downtown,4.632673,7.558061
Dragoncore,43,Goblincore / Dragon / Goblins,6.5021095,5.4024253
Draincore,47,Glitch / Glitch Art / Art,5.798456,9.334062
Dreamcore,8,Cleancore / Filelow / Filelow Cleancore,7.0444837,6.03417
Dreampunk,0,Aesthetic / Fashion / Like,5.975454,11.349353
Dreamy Indie Girlhood,3,Filecurly / Filecurly Girly / Girly,4.785854,7.9289303
Dresiarz,0,Aesthetic / Fashion / Like,4.926491,10.950007
Drift Phonk,19,Phonk / Brazilian / Funk,4.8386135,10.009966
Dungeon Rap,-1,Outlier,5.6896243,9.938455
Dungeon Synth,48,Synth / Dungeon Synth / Dungeon,6.302572,10.804003
Dungeonpunk,0,Aesthetic / Fashion / Like,7.187993,7.3870864
Dunhuang Feng,4,Chinese / Dynasty / Rednote,2.9153497,5.4000363
Dutch Golden Age,1,Art / Movement / Architecture,9.839043,8.095372
Día De Muertos,0,Aesthetic / Fashion / Like,3.7113342,9.3462105
E-Boy,-1,Outlier,4.9195724,8.351178
E-Girl,3,Filecurly / Filecurly Girly / Girly,4.714449,8.090286
Early 2020s TikTok,0,Aesthetic / Fashion / Like,6.396856,8.419841
Early Cyber,-1,Outlier,7.162743,7.886201
Early Web 2.0 Nostalgia,-1,Outlier,6.896438,8.141528
Earth Tones,0,Aesthetic / Fashion / Like,7.8871007,8.347856
Earthy Black Girl,-1,Outlier,4.6628275,8.125098
Easter,32,Christmas / Halloween / Colors,8.762564,6.1892695
Eclectic Grandpa,0,Aesthetic / Fashion / Like,5.6626496,6.674388
Eco-Beige,36,Coffee / Fileoriginal / Filegvc,8.092178,8.83039
Edwardian,30,Women / Men / Hair,3.9058862,7.636992
Egg Punk,0,Aesthetic / Fashion / Like,6.5658793,10.289304
Ego-Futurism,1,Art / Movement / Architecture,9.798137,9.044697
Egyptian Revival,1,Art / Movement / Architecture,10.253704,7.694666
Electro Swing,0,Aesthetic / Fashion / Like,6.3037353,11.191389
Electroclash,0,Aesthetic / Fashion / Like,6.2527742,11.222024
Electronic Body Music,14,Industrial / Ebm / Gabber,6.503419,11.41054
Emo,0,Aesthetic / Fashion / Like,6.1931853,9.475381
Emo Rap,-1,Outlier,5.5310893,9.44459
Empire Style,1,Art / Movement / Architecture,10.113035,7.614544
Equestrian,40,Bosozoku / Biker / Lowriders,3.9905725,7.228233
Erokawa,2,Japanese / Bodikon / Women,1.8136783,6.2741656
Eshay,0,Aesthetic / Fashion / Like,3.817453,8.743838
Ethereal,-1,Outlier,6.608019,5.790862
Ethno-Chic,-1,Outlier,9.115516,7.926157
Ethnogoth,27,Kandi / Plur / Rave,2.7917287,8.460901
Euphoric,-1,Outlier,6.6758814,6.695477
Eurotrash,-1,Outlier,5.3497524,11.113825
Expressionism,1,Art / Movement / Architecture,9.832557,8.336443
Factory Pomo,9,Aero / Frutiger / Frutiger Aero,7.684226,7.7267156
Fairground Baroque,1,Art / Movement / Architecture,9.743259,8.688712
Fairy Grunge,10,Fairy / Grunge / Fairy Grunge,6.9159346,5.4253783
Fairy Kei,-1,Outlier,2.036421,7.662735
Fairycore,-1,Outlier,6.779987,5.6035476
Fairytale,10,Fairy / Grunge / Fairy Grunge,7.052025,5.2586265
Fallen Angel,-1,Outlier,7.4182196,6.922429
Fandom Aesthetics,29,Aesthetics / Wiki / Aesthetic,8.435163,8.075878
FantasY2K,10,Fairy / Grunge / Fairy Grunge,7.074083,5.192311
Fantasy,10,Fairy / Grunge / Fairy Grunge,7.1696525,5.1121564
Fantasy Astronomy,10,Fairy / Grunge / Fairy Grunge,7.388426,5.081971
Farmer's Daughter,33,Cottagecore / Filediner / Aesthetic,4.267124,6.9443383
Fashion,0,Aesthetic / Fashion / Like,3.7230673,6.938634
Fashioncore,-1,Outlier,6.0440555,9.510488
Fauvism,1,Art / Movement / Architecture,10.792191,8.357068
Femboy,3,Filecurly / Filecurly Girly / Girly,3.9250066,7.7737484
Femcel (anime subculture),3,Filecurly / Filecurly Girly / Girly,4.084259,7.918781
Femcel (disambiguation),3,Filecurly / Filecurly Girly / Girly,3.7157657,7.8869066
Femme Fatale,20,Coquette / Nymphet / Filedark,3.2928512,7.9207177
Festival Marketplace,-1,Outlier,4.1957545,6.723273
Fetish Goth,27,Kandi / Plur / Rave,2.9576895,8.577959
Figuration Narrative,1,Art / Movement / Architecture,10.794006,8.080362
Film Noir,21,Lost / Film / Films,7.8570065,6.466166
Fisherman Aesthetic,0,Aesthetic / Fashion / Like,3.1758153,8.595138
Fitness Splatter,-1,Outlier,6.5968013,8.517505
Fjortis,3,Filecurly / Filecurly Girly / Girly,4.028918,7.923484
Flaite,12,Spanish / Cani / Mdlr,3.3664646,10.123719
Flamenco,-1,Outlier,3.8848321,10.171478
Flapper,30,Women / Men / Hair,3.7861938,8.250166
Flat Design,1,Art / Movement / Architecture,9.517517,8.482429
Fleischer Style,-1,Outlier,2.819625,9.374821
Flogger,-1,Outlier,2.8384004,9.394692
Flower Power,0,Aesthetic / Fashion / Like,6.89434,10.009792
Folk Horror,13,Horror / Catholic / Supernatural,8.223839,5.704385
Folk Punk,31,Hipster / Punk / Filehipster,6.786908,9.709726
Food Mascot Kitsch,7,Candy / Food / Bubblegum,4.2366366,6.3762116
Foodie,7,Candy / Food / Bubblegum,4.2109456,6.4427347
Forestpunk,-1,Outlier,7.154708,5.711554
Fotonight Web,-1,Outlier,7.517433,8.144129
Four Colors,9,Aero / Frutiger / Frutiger Aero,7.9750495,8.492831
Frasurbane,-1,Outlier,8.152903,8.434991
Frazzled English Woman,-1,Outlier,3.3673046,8.183912
Freakbeat,0,Aesthetic / Fashion / Like,6.2697077,10.944678
French Girl,0,Aesthetic / Fashion / Like,3.562443,8.334022
French Girly,-1,Outlier,2.6652439,7.736741
French New Wave,21,Lost / Film / Films,7.932849,6.5724626
French Provincial Style,1,Art / Movement / Architecture,9.910139,7.691966
Frogcore,0,Aesthetic / Fashion / Like,6.1291685,7.5876384
Frutiger Aero,9,Aero / Frutiger / Frutiger Aero,7.7820826,8.236364
Frutiger Eco,9,Aero / Frutiger / Frutiger Aero,7.9742775,8.399848
Funfair Kitsch,17,Kitsch / Burlesque / Vegas,8.971128,9.214048
Funk,0,Aesthetic / Fashion / Like,5.6630883,10.25649
Furry,0,Aesthetic / Fashion / Like,6.144465,7.1950874
Future Funk,0,Aesthetic / Fashion / Like,6.0465484,11.315189
Futurism,1,Art / Movement / Architecture,10.485668,8.682284
Gabber,14,Industrial / Ebm / Gabber,6.5509925,11.450008
Galaxy Print,0,Aesthetic / Fashion / Like,6.9379706,8.474493
Gangsta Rap,23,Chonga / Abg / Ah,5.31305,9.462007
Ganguro,2,Japanese / Bodikon / Women,1.3667226,7.692105
Gardencore,6,Hygge / Cozy / Cabincore,5.462985,5.773402
Garçonne,30,Women / Men / Hair,3.729893,8.173479
Gaucho,42,Chicha / Cumbia / Gaucho,2.977243,10.306458
Gay Nineties Revival,0,Aesthetic / Fashion / Like,7.031538,9.167631
Geek Chic,0,Aesthetic / Fashion / Like,6.6218424,8.739412
Gen X Soft Club,16,Britpop / British / Cool,5.5566463,8.73957
Gen Z Maximalism,0,Aesthetic / Fashion / Like,5.5646234,6.541128
Gen Z Soft Club,15,Na / Fileoriginal / Graphics,8.518754,8.028508
Genderless Kei,2,Japanese / Bodikon / Women,1.9344255,7.543304
Genericana,15,Na / Fileoriginal / Graphics,8.539166,8.204322
Geng-geng,23,Chonga / Abg / Ah,4.9360876,9.057394
Geo-Boho,0,Aesthetic / Fashion / Like,8.005408,9.486469
Ghostcore,8,Cleancore / Filelow / Filelow Cleancore,7.409721,6.184523
Gibson Girl,-1,Outlier,3.8568945,8.321179
Girl Crush,-1,Outlier,5.006725,7.810666
Girl Internet,3,Filecurly / Filecurly Girly / Girly,4.301235,7.7468214
Girls' Sleepover,3,Filecurly / Filecurly Girly / Girly,4.417449,7.662603
Girly Kei,2,Japanese / Bodikon / Women,2.1045067,7.7053285
Giscardpunk,-1,Outlier,8.291026,6.864237
Glam Rock,25,Metal / Glam / Bands,6.766309,10.771671
Glasgow Style,1,Art / Movement / Architecture,10.251714,8.405286
Glassmorphism,9,Aero / Frutiger / Frutiger Aero,7.7894225,8.203647
Glitch Art,47,Glitch / Glitch Art / Art,6.014845,8.995042
Glitchbreak,47,Glitch / Glitch Art / Art,5.691471,9.252028
Glitchcore,47,Glitch / Glitch Art / Art,5.8827662,9.115557
Glitter Graphics,15,Na / Fileoriginal / Graphics,8.286671,7.8826733
Global Village Coffeehouse,36,Coffee / Fileoriginal / Filegvc,8.234714,9.172331
Gloomcore,8,Cleancore / Filelow / Filelow Cleancore,7.3187046,5.8749685
Gloomy Coquette,20,Coquette / Nymphet / Filedark,3.2152615,7.7388153
Glossary,29,Aesthetics / Wiki / Aesthetic,8.61576,8.312379
Goblincore,43,Goblincore / Dragon / Goblins,6.4055276,5.4547358
Goddesscore,37,Greek / Divine / Greece,8.924635,7.157626
Golden Age of Detective Fiction,-1,Outlier,7.7111673,6.176277
Googie,-1,Outlier,8.438923,9.20233
Googie Kitsch,17,Kitsch / Burlesque / Vegas,8.725484,9.242399
Gopnik,0,Aesthetic / Fashion / Like,4.800639,10.945296
Gorecore,8,Cleancore / Filelow / Filelow Cleancore,7.3716435,6.2807727
Goreweb,0,Aesthetic / Fashion / Like,6.1694465,7.979749
Gorpcore,0,Aesthetic / Fashion / Like,3.70966,6.636525
Goth,0,Aesthetic / Fashion / Like,7.1403065,11.051741
Goth Punk,24,Lolita / Gothic Lolita / Lolita Fashion,2.1253264,8.435952
Gothabilly,0,Aesthetic / Fashion / Like,6.7213078,10.470218
Gothic,13,Horror / Catholic / Supernatural,8.391724,5.691434
Gothic Architecture,1,Art / Movement / Architecture,10.160923,7.4251394
Gothic Belly Dance,35,Ballet / Performer / Dance,7.566803,10.697927
Gothic Lolita,24,Lolita / Gothic Lolita / Lolita Fashion,1.9187442,8.562107
Graffiti Pop,0,Aesthetic / Fashion / Like,6.773125,9.951203
Grandmacore,0,Aesthetic / Fashion / Like,5.6046677,6.5765543
Grandmillennial,0,Aesthetic / Fashion / Like,5.678267,6.588317
Grandparentcore,0,Aesthetic / Fashion / Like,5.6439695,6.646408
Granola,-1,Outlier,3.7717514,6.95598
Grażynacore,0,Aesthetic / Fashion / Like,4.832401,10.700354
Greaser,0,Aesthetic / Fashion / Like,5.241665,10.458605
Green Academia,11,Academia / Dark Academia / Dark,8.478764,4.626128
Grime Art,0,Aesthetic / Fashion / Like,5.852715,8.166534
Grindhouse,21,Lost / Film / Films,7.625637,6.6733665
Grocery Girl Fall,7,Candy / Food / Bubblegum,4.1630177,6.610513
Groovival,0,Aesthetic / Fashion / Like,6.90309,9.216856
Grunge,0,Aesthetic / Fashion / Like,6.320171,9.621223
Guido,21,Lost / Film / Films,4.0555177,10.419499
Gulf Futurism,22,Arabian / Filearabian / Desert,5.6406183,4.854066
Guochao,4,Chinese / Dynasty / Rednote,2.8212855,5.663271
Gurokawa,2,Japanese / Bodikon / Women,1.7033246,6.318939
Gustavian,1,Art / Movement / Architecture,9.918163,7.9153137
Gutter Punk,31,Hipster / Punk / Filehipster,6.8316627,9.653561
Gyaru,2,Japanese / Bodikon / Women,1.1686387,7.806722
Gyaruo,2,Japanese / Bodikon / Women,1.1578232,7.7874255
Hacker Chic,0,Aesthetic / Fashion / Like,7.0182796,7.9706655
Hadeko,2,Japanese / Bodikon / Women,1.6922884,7.5999813
Hair Metal,25,Metal / Glam / Bands,6.9605894,10.934941
Halbstarke,0,Aesthetic / Fashion / Like,5.2064214,10.603334
Halloween,32,Christmas / Halloween / Colors,8.593512,5.965084
Hallyu,-1,Outlier,1.3300896,7.1124825
Han-Yang Zhezhong,4,Chinese / Dynasty / Rednote,2.7201958,5.8918552
Hands Up,39,Techno / Berlin / Scene,5.545926,10.951915
Harajuku Fashion,2,Japanese / Bodikon / Women,1.768283,7.417863
Harlem Renaissance,-1,Outlier,8.29182,10.253948
Haunted Mound,-1,Outlier,6.018082,9.946636
Hauntology,-1,Outlier,8.239672,6.7513785
Haussmann Paris,1,Art / Movement / Architecture,9.988284,7.638424
Health Goth,0,Aesthetic / Fashion / Like,7.197939,11.144894
Heart Emoji Meme,0,Aesthetic / Fashion / Like,6.069283,7.6298227
Hedi Boy,0,Aesthetic / Fashion / Like,6.525834,9.19458
Heidelberg School,1,Art / Movement / Architecture,10.070473,8.675122
Heisei Retro,34,Heisei / Retro / Itasha,2.180786,7.076197
Heistcore,8,Cleancore / Filelow / Filelow Cleancore,7.464291,6.0803704
Hellenic,37,Greek / Divine / Greece,9.107398,7.10271
Herki,2,Japanese / Bodikon / Women,1.4574316,7.6597486
Heroic Realism,-1,Outlier,8.694715,9.349352
Heroin Chic,0,Aesthetic / Fashion / Like,4.5234056,8.914904
HexD,-1,Outlier,5.2190247,9.962625
Hexatron,-1,Outlier,7.7830567,7.72821
High School Dream,3,Filecurly / Filecurly Girly / Girly,5.1712475,7.8729405
Hime Gyaru,2,Japanese / Bodikon / Women,1.1677607,7.8804646
Hime Lolita,24,Lolita / Gothic Lolita / Lolita Fashion,1.7731668,8.586995
Himekaji,2,Japanese / Bodikon / Women,1.567537,7.483658
Hip-Hop,0,Aesthetic / Fashion / Like,5.7819843,9.994522
Hipness Purgatory,0,Aesthetic / Fashion / Like,6.9270353,9.195689
Hippie,0,Aesthetic / Fashion / Like,6.877583,10.08884
Hippie Goth,0,Aesthetic / Fashion / Like,7.0851884,10.940654
Hipster,31,Hipster / Punk / Filehipster,6.868555,9.717151
Historical Americana,18,Indigenous / American / Black,8.579599,9.95259
Hollywood Regency,0,Aesthetic / Fashion / Like,5.7540507,6.5694175
Honeycore,6,Hygge / Cozy / Cabincore,5.1446867,5.8103294
Hopecore,0,Aesthetic / Fashion / Like,6.156251,7.473852
Horror,13,Horror / Catholic / Supernatural,8.2978,5.7429714
Horror Punk,0,Aesthetic / Fashion / Like,6.6428547,10.347604
Horrorcore,8,Cleancore / Filelow / Filelow Cleancore,7.5791287,6.129251
Hot Cheeto Girl,-1,Outlier,4.2509584,7.9959865
Hot Rod,34,Heisei / Retro / Itasha,2.0673335,7.2972965
How To Find Your Aesthetic Overhaul,29,Aesthetics / Wiki / Aesthetic,8.573867,8.281305
Huang-mao,4,Chinese / Dynasty / Rednote,2.9181192,5.422743
Hygge,6,Hygge / Cozy / Cabincore,5.6021414,6.006535
Hypebeast,0,Aesthetic / Fashion / Like,4.267497,8.573549
Hyperborean,0,Aesthetic / Fashion / Like,6.0334716,8.251899
Hyperpop,0,Aesthetic / Fashion / Like,6.132374,11.120524
Icepunk,0,Aesthetic / Fashion / Like,5.925879,11.329065
Imperial Romanov,1,Art / Movement / Architecture,10.10518,7.5701456
Impressionism,1,Art / Movement / Architecture,10.590685,8.506689
Incelcore,0,Aesthetic / Fashion / Like,5.644927,9.6011095
Incroyables and Merveilleuses,30,Women / Men / Hair,3.830601,7.87514
Indie,0,Aesthetic / Fashion / Like,6.4496408,9.12621
Indie Kid,0,Aesthetic / Fashion / Like,6.6246095,8.480587
Indie Sleaze,0,Aesthetic / Fashion / Like,6.4910355,9.258907
Indiecraft,-1,Outlier,6.5968065,8.726556
Indigenous Futurisms,18,Indigenous / American / Black,8.68278,10.022615
Industrial,14,Industrial / Ebm / Gabber,6.664402,11.402946
Industrial (disambiguation),14,Industrial / Ebm / Gabber,6.983811,11.292994
Industrial Decay,14,Industrial / Ebm / Gabber,6.7489223,6.917773
Industrial Gothic,-1,Outlier,7.0977488,11.270468
International Typographic Style,1,Art / Movement / Architecture,9.749456,8.518691
Internet Awesomesauce,0,Aesthetic / Fashion / Like,6.1393175,7.8140616
Ita,34,Heisei / Retro / Itasha,1.87184,7.0737233
Italian Renaissance,1,Art / Movement / Architecture,10.622246,7.750013
Italo Disco,0,Aesthetic / Fashion / Like,5.336799,10.190472
Japandi,26,Superflat / Pop / Art,1.5422764,6.836608
Japanese Horror Game Protagonist,20,Coquette / Nymphet / Filedark,2.9576216,7.8199725
Japanese Ivy Style,-1,Outlier,1.4224544,7.2991376
Japonisme,-1,Outlier,1.4938709,6.8655643
Jejemon,2,Japanese / Bodikon / Women,1.8840692,7.6129236
Jersey Maid,45,Maid / Maids / Yakui,2.8246715,7.4856806
Jiangnan Water Town,4,Chinese / Dynasty / Rednote,2.9544184,5.333769
Jiangshi fiction,4,Chinese / Dynasty / Rednote,2.9594014,5.3333545
Jiggy Era,-1,Outlier,6.337072,9.19271
Jirai Kei,2,Japanese / Bodikon / Women,1.8899738,7.1159725
Jock,16,Britpop / British / Cool,5.1671658,8.32805
Jojifuku,2,Japanese / Bodikon / Women,1.7952641,7.6122093
Juggalo,-1,Outlier,6.649673,6.045641
Juminocore,34,Heisei / Retro / Itasha,2.1960225,7.0622716
Junglecore,-1,Outlier,6.309156,5.473624
Junkpunk,5,Dieselpunk / Fiction / Aesthetic,7.905608,7.2640166
Kandi Raver,27,Kandi / Plur / Rave,2.7813318,8.153269
Karasu Zoku,2,Japanese / Bodikon / Women,1.5326116,7.6873198
Kawaii,2,Japanese / Bodikon / Women,1.8719091,6.3922462
Kawaii Gamer,2,Japanese / Bodikon / Women,2.0424838,6.290617
Kawaii Metal,2,Japanese / Bodikon / Women,1.7046926,6.1872153
Kawaiicore,2,Japanese / Bodikon / Women,1.7996416,6.2393303
Keller Synth,48,Synth / Dungeon Synth / Dungeon,6.4293165,10.944178
Kid Science,46,Science / Cybercore / 2000S,6.788052,7.332872
Kidcore,-1,Outlier,6.1393576,6.964879
Kinderwhore,-1,Outlier,3.543292,7.484255
Kingcore,10,Fairy / Grunge / Fairy Grunge,6.746208,5.293078
Kissaten,36,Coffee / Fileoriginal / Filegvc,8.134672,9.279628
Kitsch,17,Kitsch / Burlesque / Vegas,8.854044,9.264485
Kitsch Las Vegas,17,Kitsch / Burlesque / Vegas,8.995681,9.16667
Kiwiana,-1,Outlier,3.357477,8.615578
Kkonminam,-1,Outlier,1.3363335,7.149301
Knightcore,10,Fairy / Grunge / Fairy Grunge,6.9730387,5.099988
Kogal,2,Japanese / Bodikon / Women,1.4662582,7.5461745
Korean Cozy Beige,36,Coffee / Fileoriginal / Filegvc,8.08634,9.124
Krocha,-1,Outlier,2.332081,8.503455
Krushclub,-1,Outlier,5.0364294,9.935015
Kuromicore,2,Japanese / Bodikon / Women,1.8842033,7.0284605
LOLcore,0,Aesthetic / Fashion / Like,5.1501193,9.3685255
La Sape,0,Aesthetic / Fashion / Like,3.6056738,9.093369
Lad Culture,16,Britpop / British / Cool,5.373069,8.567103
Landevejsriddere,1,Art / Movement / Architecture,9.144754,8.501034
Larme Kei,2,Japanese / Bodikon / Women,1.9577416,7.7804537
Laser Grid,38,Grid / Design / Laser,7.53723,7.608994
Late 2000s Elementary School,46,Science / Cybercore / 2000S,6.603297,7.510791
Leather Subculture,27,Kandi / Plur / Rave,2.9380631,8.427129
Lifestyle Minimalism,0,Aesthetic / Fashion / Like,5.2535524,6.4502206
Light Academia,11,Academia / Dark Academia / Dark,8.404533,4.6996155
Ligne Claire,1,Art / Movement / Architecture,9.714279,8.40553
Liminal Space,-1,Outlier,6.748869,6.7367125
Lithuanian Eurodisco,-1,Outlier,5.4375267,11.216779
Live Laugh Love,0,Aesthetic / Fashion / Like,5.9991617,7.4327645
Living Doll,28,Doll / Dolllike / Dolly,3.2890313,7.190797
Lo-fi Art,0,Aesthetic / Fashion / Like,5.3297734,9.842129
Lobotomy Chic,3,Filecurly / Filecurly Girly / Girly,4.327653,8.156002
Logomania,0,Aesthetic / Fashion / Like,5.6035037,7.1122365
Lolicore,0,Aesthetic / Fashion / Like,5.3486223,9.640942
Lolita,24,Lolita / Gothic Lolita / Lolita Fashion,1.815178,8.529106
Lost Media,21,Lost / Film / Films,8.034368,6.6035223
Lovecore,0,Aesthetic / Fashion / Like,6.116249,7.4356184
Low Poly,1,Art / Movement / Architecture,9.346806,8.458572
Lowbrow,0,Aesthetic / Fashion / Like,6.836426,8.916624
Lulicore,-1,Outlier,3.3460138,6.0381165
Lumberjack,27,Kandi / Plur / Rave,2.9828718,8.570728
Lunarpunk,5,Dieselpunk / Fiction / Aesthetic,7.2550373,6.650466
MDLR,12,Spanish / Cani / Mdlr,3.4669497,10.158501
MLG,0,Aesthetic / Fashion / Like,5.9755106,7.8719583
Mad Scientist,38,Grid / Design / Laser,7.239401,7.4941034
Madchester,0,Aesthetic / Fashion / Like,6.4980345,10.381837
Mafia Aesthetic,21,Lost / Film / Films,4.194164,10.504025
Magical Girl,2,Japanese / Bodikon / Women,1.8502486,7.864549
Magician,-1,Outlier,6.729644,5.8552012
Maid,45,Maid / Maids / Yakui,3.0926178,7.5240192
Maidcore,45,Maid / Maids / Yakui,3.2268555,7.444814
Maillard Style,-1,Outlier,3.4406512,6.0972166
Majismo,1,Art / Movement / Architecture,10.581771,7.9499454
Mall Ninja,2,Japanese / Bodikon / Women,1.7557713,7.4755125
Mallgoth,-1,Outlier,7.473731,10.839879
Mallsoft,-1,Outlier,7.521623,10.728097
Manba,2,Japanese / Bodikon / Women,1.3184118,7.671935
Mandrake,19,Phonk / Brazilian / Funk,4.617523,10.167754
Manguebeat,19,Phonk / Brazilian / Funk,4.394192,10.180529
Manueline,1,Art / Movement / Architecture,10.6021185,7.789634
Maranza,12,Spanish / Cani / Mdlr,3.5054643,10.165459
Marshmallow Girl,2,Japanese / Bodikon / Women,1.9530702,7.9410872
Martial Industrial,14,Industrial / Ebm / Gabber,6.884398,11.350806
Maximalism,0,Aesthetic / Fashion / Like,5.5160985,6.3961945
McBling,-1,Outlier,6.392729,8.799281
Meatcore,8,Cleancore / Filelow / Filelow Cleancore,7.348313,6.2329245
Mecha,-1,Outlier,1.4637277,6.38031
Med-Tech Visions,38,Grid / Design / Laser,7.565558,7.334522
Medicalcore,8,Cleancore / Filelow / Filelow Cleancore,7.4834504,6.654675
Medieval,10,Fairy / Grunge / Fairy Grunge,7.1088624,5.0609655
Medieval Fantasy,10,Fairy / Grunge / Fairy Grunge,7.1072354,5.053965
Medievalcore,10,Fairy / Grunge / Fairy Grunge,7.0254054,5.074093
Bubbleglam,7,Candy / Food / Bubblegum,4.6423635,6.278686
Succubus Chic,0,Aesthetic / Fashion / Like,4.4233623,8.795137
Superflat,26,Superflat / Pop / Art,1.4374042,6.4909124
Superflat Pop,26,Superflat / Pop / Art,1.3845892,6.5323095
Supergraphic Ultramodern,5,Dieselpunk / Fiction / Aesthetic,7.876332,7.572542
Suprematism,1,Art / Movement / Architecture,10.357595,8.703733
TechnoNeko2000,-1,Outlier,7.0860767,7.7090745
